"","baseMean","log2FoldChange","lfcSE","stat","pvalue","padj"
"AADAC",281.149950935192,-6.78436821381385,1.18824979122535,-5.70954715406905,5.63771450557155e-07,6.71898926695048e-05
"ACACB",20934.4242554714,-5.18996150712535,0.955604407466298,-5.43107740669184,5.80948690733866e-06,0.000476718128497406
"ADH1A",1129.85774853476,-8.59998323771383,1.2691527918838,-6.77616067404217,1.06068153007392e-09,3.21572588091357e-07
"ADH1B",121455.243509556,-7.89878996368318,1.44011779717322,-5.4848221299588,8.32424880033793e-07,9.52657904096952e-05
"ADH1C",639.461889115021,-5.74549508355317,0.954157452621624,-6.02153771137768,3.28787107124804e-07,4.27200751746146e-05
"ADRA1A",134.885667454895,-5.99259793861127,0.963551750592842,-6.21927979989058,1.10082336532884e-07,1.78490478334827e-05
"ADRB2",745.534635806452,-4.34414011934121,0.799041967836361,-5.43668579900031,1.42465782170949e-05,0.00100899638594106
"AGTR1",1403.88687727782,-4.00812405734214,0.821790607301126,-4.87730575371915,0.0001258865155636,0.00555369545837343
"ABCD2",1515.18307558519,-6.45113849071098,0.988061675068895,-6.52908482687699,1.72415737361797e-08,3.77153969284711e-06
"ANGPT1",1271.08965962945,-3.73879005255595,0.630743600757669,-5.92759093879794,7.05441479611548e-06,0.0005592079912462
"ANK2",3490.9282083904,-3.12994660454624,0.548211898512267,-5.70937371669652,5.11098921211502e-05,0.00288637269851502
"AOX1",2219.04674833068,-4.2081253749902,0.585046165818055,-7.19280908217916,2.08446313373577e-08,4.33995270049251e-06
"APLP1",461.212816450921,4.01292489122357,0.593480686317078,6.76167731106179,1.9202072236108e-07,2.81212720603545e-05
"APOB",786.311864964263,-6.9379667959201,1.0360711311123,-6.69641937467328,4.98511965916446e-09,1.26688018867678e-06
"AQP7",5638.39472753208,-8.18929863420553,1.06026844262165,-7.72379739413578,5.9822349776253e-12,4.78829359304675e-09
"ABCC6",618.647546114642,-3.45188964054386,0.699069122373038,-4.93783737554619,0.000226285189909795,0.00876779006015957
"ASPA",331.311076963058,-5.44378088703655,0.813481486193277,-6.69195424779851,2.3451305512124e-08,4.76778835947076e-06
"ATP1A2",5050.25301489267,-8.28626419843535,0.789972614146929,-10.4893056417955,1.43860552728552e-20,1.24302710585105e-16
"KIF1A",486.85875495772,5.55411782844983,1.18249071844429,4.69696526308209,5.87628887706129e-05,0.0032034116114983
"BMP3",206.472552960009,-5.63390271764513,1.08603485211362,-5.18758924419464,9.91496551025474e-06,0.000758143889304036
"BUB1",1267.38529933137,5.13328884073294,0.95145200237512,5.3952157627696,6.98956288018365e-06,0.000556620443006699
"BUB1B",818.379924736921,4.3091873017579,0.879048975639379,4.90210149966173,8.34392828637484e-05,0.00407320408804643
"C6",1609.18560299474,-6.06275967621823,1.35570966360486,-4.47201922283067,9.41769084285639e-05,0.00441049093375071
"CA3",925.817048303315,-4.76601796906565,1.0145911540591,-4.69747636769565,0.000102878447240715,0.00474091319137812
"CA4",703.68994950951,-9.39970053051171,0.686000379540671,-13.7021797813079,8.9941075635559e-35,1.5542717280581e-30
"CA9",324.531315982061,6.08748850513926,1.39526695862932,4.362956112083,0.000133237955877653,0.00578513848121037
"CASQ2",402.70859374858,-4.37033978770942,0.90384117799142,-4.83529617163659,9.61574241077687e-05,0.00447896616174219
"CAV1",34051.5414263478,-3.41415002102936,0.602540320520221,-5.66625984146862,3.07969362699802e-05,0.00192826759304901
"CAV2",9243.81723852368,-3.0138676469712,0.578405636798445,-5.21064708783506,0.000249068124933264,0.00939769927286405
"CD36",87850.5157676665,-6.2873785246038,0.867889884580091,-7.24444268370038,5.56767875970388e-10,1.88656973816555e-07
"CDK1",1562.02927498266,3.54174885306314,0.668697344064847,5.29649008553514,7.20435016932373e-05,0.00370322146713721
"CDC6",1137.50805203499,3.74269942652654,0.765109977782824,4.89171430932365,0.000168725038949355,0.00694223190019954
"CDC20",1514.11708425023,5.07437319344257,1.02291043329399,4.96072092754203,3.40098880086838e-05,0.0020767663416186
"CDH2",244.946231089258,3.18537966473235,0.590380168291721,5.39547199552674,0.000107101758204858,0.004870593377732
"CDKN3",447.492105454576,4.16829146429536,0.892434870183971,4.67069542389809,0.00019249803317462,0.00776647118759975
"CDO1",3072.63197290145,-4.62466646949166,0.941554488471533,-4.91173535479511,5.91416419892804e-05,0.003213920488103
"CEBPA",6629.32748730235,-4.02784382088443,0.757081130056489,-5.32022746437214,3.17563392476065e-05,0.00196695805927558
"CENPA",300.059627371574,4.40375065670842,0.96002204141832,4.58713494765433,0.000195949369599102,0.00785661497921595
"CENPE",790.273590786286,3.50808713945211,0.688244002995376,5.09715613094223,0.000134121254903312,0.00579437351496035
"CENPF",3531.69504023609,3.65785593085637,0.761621187612255,4.80272344093269,0.000241750570246706,0.00924268054078169
"CES1",5781.81326884817,-4.89901852705569,0.577418063192994,-8.48435274082907,7.2656880773561e-12,5.45905894194742e-09
"CHIT1",570.601275579274,-5.84461999674872,1.20990088232632,-4.83066016574108,3.11286293797737e-05,0.00194199943794898
"CIDEA",4806.82629384398,-8.80162642844587,1.29278267819837,-6.80827998152938,7.96038412827365e-10,2.54747033556846e-07
"CKMT2",315.620655840062,-4.48977494143687,0.696610561964547,-6.44517207544921,2.7264588833073e-07,3.70991621751444e-05
"CMA1",155.286680594356,-5.47091239647395,1.04869505549853,-5.21687631479599,1.00713671906324e-05,0.000766710556922105
"CNTFR",1909.83744468076,-6.65284748666576,1.09870472062823,-6.05517329793731,1.33754456781138e-07,2.02755330494285e-05
"COL10A1",4375.94741759555,7.03381190160013,0.814682844725295,8.63380387489549,6.49201039870319e-14,1.60269188142843e-10
"COL11A1",9281.82763020736,9.66860817137252,1.12086350259825,8.62603532808402,5.2164418964109e-15,1.80290664823754e-11
"COMP",4512.9720154486,4.72937324981506,0.889586358333165,5.31637339704329,1.38097973094473e-05,0.000982086861335632
"CPA1",89.1090541511921,-8.8404826215175,1.26741123728172,-6.97522821438613,3.08127333464213e-10,1.18327743324335e-07
"CPM",8707.12631331505,-4.07904842703906,0.812883863641817,-5.01799655459322,7.59911586122491e-05,0.00385103581225301
"CRHBP",297.38247177635,-6.39848124898753,0.914852563851494,-6.99400264240411,1.80728786000695e-09,5.11995762439019e-07
"HAPLN1",411.046589800237,6.07013306425429,1.33877999011787,4.53407812266441,7.62631022585489e-05,0.00385351657932744
"CSN1S1",28.5058179973372,-5.39637401415807,1.05457848576157,-5.11709093919268,1.53080276800954e-05,0.00106668559007955
"CST1",439.02464147324,10.0386629278504,1.38589523800024,7.24345004773638,3.47131808762372e-11,1.93509186684598e-08
"CTSG",273.827889909128,-3.9129696945689,0.745887327661732,-5.24606002737116,4.70397194268328e-05,0.00270064249639567
"AKR1C1",6314.65575923953,-4.89503109992012,0.783147376711666,-6.2504596778115,3.28670733766154e-07,4.27200751746146e-05
"AKR1C2",7138.50577063993,-5.42710788122533,0.648696679963375,-8.36617181628206,4.40793935792024e-12,3.80868000221098e-09
"CFD",10647.416866439,-6.1655153947233,0.750207385138352,-8.21841469020765,2.88025848249227e-12,2.61967088610258e-09
"DPP6",84.1924650618496,-5.07286109856404,0.788150405268052,-6.43641247236147,1.18547438633417e-07,1.87946631837071e-05
"DPT",14240.1400023798,-4.69518470392806,0.80657795784072,-5.82111705171994,2.3103480685856e-06,0.000221806249851265
"EPYC",135.935250885001,7.12788601481841,1.25780330472055,5.6669321729935,5.52715377484053e-07,6.70653361800935e-05
"E2F2",387.22756603568,3.91397578895783,0.825465783470449,4.74153607252208,0.000207703555137571,0.00822602501452399
"EBF1",3926.03822905075,-3.78646658334043,0.615973144763663,-6.14712932784305,3.03865169200549e-06,0.000277835660791253
"S1PR1",3850.45374803057,-2.69636799214353,0.452155902031796,-5.96335905387324,8.78083940207262e-05,0.00423859457282729
"EEF1A2",3640.79949303043,5.23682216904712,1.21911936478472,4.29557787392859,0.000255284357778598,0.00952714700037531
"EPAS1",27288.2616505068,-2.68287975966539,0.451776566038998,-5.93851023125844,9.7647284797115e-05,0.0045361363671477
"EPB42",110.708339990474,-8.1723648187431,1.29676933780849,-6.30209597070995,1.59259208010795e-08,3.52840817132634e-06
"FABP4",101855.522947024,-7.31285643726621,1.20518529211292,-6.06782748273121,8.11307067235856e-08,1.34809590662527e-05
"FCN2",72.7101224469256,-5.194816996849,1.14478617132524,-4.53780551073158,0.000124048975690538,0.00551992245143921
"FGF2",3226.29195655846,-4.23013149147247,0.487600774728654,-8.67539944707123,1.74164009218559e-11,1.07490294403783e-08
"FHL1",46822.3501202284,-5.8925498851021,0.709406107318158,-8.30631400592013,2.66151677387628e-12,2.61967088610258e-09
"FIGF",1224.12644016094,-5.65919705387399,1.02615064153491,-5.51497687065616,2.80661002145261e-06,0.000262167717733635
"FOXM1",2525.68884162458,5.13177568052596,0.940521874837083,5.4563065653469,5.58816660567349e-06,0.000462313096074736
"FMO2",8609.53849817211,-5.2717894940149,0.700654236380654,-7.5240956527248,5.40867124618576e-10,1.86934495610672e-07
"FN1",252120.294593047,3.24769752773039,0.633837146074198,5.12386746003399,0.000195433181851744,0.00785414143158138
"FOLR2",1609.22054267213,-3.82835085028386,0.809543081021433,-4.72902670658797,0.000238133932248063,0.00912495686162988
"GDF10",668.568148696498,-4.62562844935234,1.04089743715797,-4.44388494411322,0.000247784189496796,0.0093902600409959
"GFRA2",166.988573585547,-4.05520753569291,0.670849093537341,-6.04488785146907,2.62876976573628e-06,0.00024823918208573
"GHR",10543.9583382114,-4.28294385259623,0.816561352713054,-5.24509743005347,2.90436236918345e-05,0.00182510131279488
"GJB2",2326.08495167314,6.0262065966694,0.687267282990599,8.76835948082201,1.30309221727323e-13,2.50208184518874e-10
"GPC3",5356.14795883989,-3.74467256950525,0.722196996797678,-5.18511235315246,7.22172116443052e-05,0.00370322146713721
"GLDC",154.519835661862,4.3261538668139,0.876026384541112,4.93838307059674,7.32693881745386e-05,0.00374606005042663
"GNAL",512.314764611759,-3.05615154785623,0.493744876310895,-6.18973825245707,1.56085671772839e-05,0.00107449759376232
"GPD1",33990.4928300953,-8.21069143233894,1.21060262925606,-6.78231752840695,1.29021339017655e-09,3.84416855097259e-07
"GPLD1",245.321454235089,-4.44410613087638,0.638181741493261,-6.96369990228451,3.39297683585278e-08,6.30473469896471e-06
"GPER",459.374641121326,-3.21383151428068,0.623090843312997,-5.1578859628118,0.000190444150427428,0.0077074130293592
"GPX3",36022.7267424404,-4.73009852295486,0.85737155176944,-5.5169762901427,6.78764317424707e-06,0.00054304287821372
"GRIA1",189.330425421561,-5.0913870272291,1.05486643588862,-4.82657031640232,5.25371972389737e-05,0.00292869453382808
"GRIN2D",162.810985013019,3.08688339139952,0.48363987283691,6.38260731749149,7.98183785062326e-06,0.000624136379622717
"GRM4",47.4358219195436,4.58515841459689,0.693018748711493,6.61621121091157,1.15029170057967e-07,1.84057322941827e-05
"GSN",85825.3059216387,-3.20479275533258,0.525631885667,-6.09702881944816,1.3670287000392e-05,0.000977454324547547
"GYS2",310.01214712176,-9.38279902730894,1.94867242937903,-4.814969866587,8.52042236026359e-06,0.000660275420662399
"HBA2",4687.2998309208,-6.55566089075941,0.775928287102106,-8.4487973949798,4.03330869451423e-13,5.80830062915837e-10
"HBB",7422.54459681471,-7.32218832039738,0.751157237408749,-9.74787695004654,1.93787800919483e-17,8.37211746922397e-14
"TLX1",318.593961697891,7.46511793646501,1.3945816783549,5.35294422143215,1.77772165958393e-06,0.000176556367811895
"HSD11B1",927.939277180657,-4.5139101660683,0.917641001081043,-4.91903714061448,6.425863285312e-05,0.00338552876321575
"IGFBP6",2146.52413050321,-3.51384256541949,0.596415212943689,-5.89160452174994,1.24933227772959e-05,0.00091871111027426
"INHBA",985.39360388551,4.40324418362524,0.671537474496922,6.55695973917748,2.01178151235158e-07,2.91985513621858e-05
"ITGA7",7425.24741101504,-5.07164915112156,0.676463140701526,-7.49730302505767,8.77349081139739e-10,2.75663081294106e-07
"KCNB1",392.491205061332,-5.16800193996909,0.756792168971281,-6.82882586773332,1.82024948937286e-08,3.93196642823155e-06
"KCNG1",366.480093528173,4.75710766334634,0.975187855334846,4.87814490031042,5.84126761379113e-05,0.0032034116114983
"KIF11",1855.93672712907,3.74934671861418,0.791239781416944,4.7385720570064,0.00025568231311284,0.00952714700037531
"LEP",13342.7487133952,-9.1873174814011,1.1149074416403,-8.24043067457177,1.04043439144304e-13,2.24746833981589e-10
"LEPR",3703.20516550399,-3.74194192503029,0.504175629614805,-7.42190162560846,2.68706595674803e-08,5.21743671893962e-06
"LHCGR",28.1338777116633,-7.1892216404632,1.45369003150336,-4.94549834191841,1.03407836123506e-05,0.000783767901776452
"LIFR",8407.54543581591,-2.8179315911802,0.444500425946967,-6.33954756101044,2.15843870215061e-05,0.00141287800044942
"LIPE",22171.3469282574,-6.91481720442773,0.891700718704926,-7.75463903906073,1.64258105388421e-11,1.05131271082123e-08
"MAOA",12054.2436044498,-5.28266433489655,0.810936116150929,-6.51427927513017,6.41924952497164e-08,1.10931051041035e-05
"MEOX2",1216.16728419915,-3.49075664452472,0.6592253627146,-5.2952402045793,7.89486768456011e-05,0.00392043702462308
"MFAP2",1799.43174183865,2.84753341067362,0.42157509298552,6.75451054403592,5.86750010237933e-06,0.000478284289005741
"MKI67",3994.8658693616,4.17449535549436,0.91903746518217,4.54224720280244,0.000276021780417931,0.00997893804895873
"MME",12493.0915325449,-3.59480058850492,0.599976111966356,-5.99157285899826,7.63213626666102e-06,0.000602241766320406
"MMP1",451.312627309509,6.85632779339175,1.2337006496768,5.55752953132345,1.03257888755282e-06,0.000115122553263227
"MMP11",9462.43123735481,6.4436252907973,0.755955228522614,8.52381867030706,2.9888683628956e-13,5.16506341791989e-10
"MMP13",405.365560087505,8.14333468739715,0.789336614621767,10.3166818015901,7.16183820583586e-20,4.12545753450165e-16
"MYBL2",2975.66540597878,5.85915418489813,0.927032283583455,6.3203345651022,7.95850213581239e-08,1.33525121756285e-05
"MYH1",166.707101834421,-7.16158722912721,0.958398832311896,-7.47244986917574,6.42049423622669e-11,2.99871786206036e-08
"MYH11",12632.4523927266,-3.26599414422098,0.630658774756768,-5.17870245360592,0.000163409324090827,0.0067477521066064
"MYOC",905.990877684197,-8.96404751162364,1.12527393816547,-7.96610248188783,7.34262135461472e-13,9.76060304839207e-10
"MYT1",35.5471652392506,4.83214873755151,1.05553778462119,4.57790219161662,0.000141443034021773,0.00600559476887041
"NEK2",862.888424696461,5.1219379592729,0.996223127002177,5.14135620870976,1.75509496440396e-05,0.00118475765936972
"NNAT",377.98476082487,-4.14325103994692,0.859177152589715,-4.82234778643544,0.00012687692309265,0.00555609886097296
"NOVA1",1038.04266173789,-4.2460184847278,0.731897026038473,-5.80138780958048,4.60200415713026e-06,0.000391759772607725
"NPR1",4449.77702968057,-4.64969316698358,0.65868687902014,-7.05903414062301,1.50493082763093e-08,3.4219354779329e-06
"NTRK2",12113.321874927,-3.92239657800299,0.536526785215211,-7.31071902855632,2.56306280627059e-08,5.07911877032294e-06
"PC",5775.14635900802,-3.44358937764071,0.667976606208988,-5.15525445896129,0.000126998382621626,0.00555609886097296
"PCDH9",568.61622930695,-4.85808471142661,0.753893026251022,-6.44399741377768,1.54765608110649e-07,2.32565606413924e-05
"PCK1",5939.33412227226,-9.02033831818938,1.19530847124898,-7.54645226329232,9.74137921065618e-12,7.01419892247289e-09
"PDE2A",2744.84041536621,-4.13845222578218,0.595180262329368,-6.95327531458358,6.70647991918783e-08,1.14747207409391e-05
"PDE3B",6275.0012826578,-5.91199962716671,1.03961425859844,-5.68672426168625,1.15155999056537e-06,0.000124375676231001
"PDK4",15412.7140345233,-3.29282044347672,0.55162096110231,-5.96935337064901,1.61569938380065e-05,0.00109924807289208
"ENPP2",7896.81225152121,-3.62036708623063,0.517560232577799,-6.99506426179377,2.06439408278581e-07,2.92416345447718e-05
"PFKFB1",723.157904650991,-6.31519949570104,1.02595808137759,-6.1554166883908,1.10517222277799e-07,1.78490478334827e-05
"PLIN1",58744.3741693506,-7.99096483813151,1.15714519230235,-6.90575814624617,7.63148900580126e-10,2.48829738696701e-07
"PLK1",1125.3688947394,4.79163281656921,0.845628525760377,5.66635664550298,3.66619947106108e-06,0.000321601995225414
"FXYD1",811.69117623317,-4.54868086559371,0.845553099743297,-5.37953307364688,1.35311722768838e-05,0.000974300783820118
"PPARG",5247.58362984949,-5.12279708540375,0.732714703402619,-6.99153034818905,9.18221863214946e-09,2.20386000253021e-06
"PPP1R1A",7368.84387548697,-5.98107782916697,0.912342860892952,-6.55573478518045,2.38529609742583e-08,4.79305835576927e-06
"PRELP",8721.0027205814,-3.43120357754983,0.656166545007596,-5.22916568004867,0.000105627696010882,0.00485466014564906
"PRKAR2B",19180.0417264491,-4.34904865669891,0.737108434157061,-5.90014773290767,2.76645305988316e-06,0.000259821061564352
"MAPK10",1159.25254714366,-3.67632129091474,0.60755237950983,-6.05103595163397,5.28706344311287e-06,0.000445556117608186
"MASP1",227.441310587002,-4.12574204550835,0.702104754967869,-5.87624854598393,4.25450786002927e-06,0.000367610751645829
"RELN",345.485885370583,-3.07242541923496,0.598248681666741,-5.13569943969634,0.000265951198521568,0.00971649611342753
"PTH1R",457.004741015093,-3.81682022680821,0.76179808546851,-5.01027805085759,0.000108826334063123,0.00493603117833288
"PTPRB",4969.20202051939,-2.57055325319834,0.437146057218121,-5.880307532811,0.000163607900738851,0.0067477521066064
"PTPRN",107.099154181195,6.62954989548856,0.920207327929462,7.20440893510984,4.74685934033722e-10,1.70896825542432e-07
"PYGM",597.551206118831,-6.05479861546034,0.960251290460265,-6.30543137573726,7.0463018805754e-08,1.19379551762964e-05
"RAD51",388.19763418538,3.74405196202568,0.76331658192952,4.90497920608698,0.000162254126326778,0.0067240133262663
"RBP4",11267.6160787519,-7.9882943988823,1.06485023560553,-7.50180084651973,2.64207699606061e-11,1.52192441896411e-08
"RDH5",2461.25333711952,-5.75159171354189,0.896116683548586,-6.41835133653111,5.71371619372723e-08,1.00003006620217e-05
"RGS4",1289.8451780186,4.37742106128788,0.711860160991066,6.14927102423256,1.04510609222657e-06,0.000115772297306201
"ROBO2",62.6553996557672,-3.22915470105517,0.614341608627172,-5.25628519330011,0.000142521845591364,0.00603656866094207
"S100A7",571.406834054955,7.66326865376852,1.9238222601883,3.98335584962951,0.000269889121987734,0.009798222514853
"SAA1",7310.71303470797,-4.63858592114745,0.94422471447646,-4.91258685568233,5.82177789661844e-05,0.0032034116114983
"SAA2",3254.7811333726,-5.85794245154002,1.09464544613358,-5.35145189908841,4.54192925566285e-06,0.000388559799342127
"SCN3A",181.974736774683,-3.40299044366686,0.368825359193487,-9.22656308424181,3.62836762501068e-11,1.95943190399405e-08
"SCN4A",971.278875223052,-5.96249485817192,0.751653933152188,-7.93250004449147,2.02686177336012e-11,1.20779994156677e-08
"SCT",11.7115147710068,6.87587200837258,1.55551818515523,4.42030962671542,7.9431429370944e-05,0.00393310753856528
"CCL11",30.1256807248655,5.87857122868048,1.08416291688277,5.42222127056586,3.4001722757012e-06,0.0002997876382469
"CCL20",38.1669385614871,5.78630118238485,1.2581374002972,4.59910116416379,7.11444049057767e-05,0.00366998943634844
"SLC2A4",2379.3375643484,-7.31355152013172,0.973012432220122,-7.51640089885017,4.33002041340692e-11,2.13791665040243e-08
"SLC8A2",60.3963502160482,4.2358502413904,0.883057783142902,4.79679849071092,0.000123975703568758,0.00551992245143921
"SOD3",3561.38066100009,-4.42991781121339,0.506042719628594,-8.75403921325988,6.09585435142807e-12,4.78829359304675e-09
"SOX11",779.007962233468,5.49616897168181,1.12508060556297,4.88513351355092,3.21728379890423e-05,0.001985638618888
"AURKA",1147.19763173535,3.78347731624063,0.760183792880837,4.97705601155024,0.000125330155502605,0.00555341132625773
"SYCP1",15.4991020434378,-6.90411699343283,1.57169973595491,-4.39277098258094,8.63937291551916e-05,0.004193736049244
"TACC1",14514.2874686537,-2.82502834408979,0.470518147679593,-6.00407945585457,5.24945067003665e-05,0.00292869453382808
"TACR1",738.211094872579,-4.06399596125733,0.821203260406864,-4.94883076723761,9.53210484467094e-05,0.00445200821137185
"TDO2",82.9923174078766,4.96014553256874,0.975732772975717,5.08350817964396,2.46804463015682e-05,0.00159142833036343
"TFR2",115.28547188996,4.7678390172645,0.793205260433558,6.0108514845936,1.01636063132574e-06,0.000114050182272338
"TGFBR2",20446.1463939233,-2.85715956572687,0.437140200973726,-6.5360256488938,1.07636921211717e-05,0.000808312366334295
"TGFBR3",9738.91777337112,-4.00623073427681,0.634539923899802,-6.31359916592012,1.08103166903662e-06,0.00011783750614781
"THRSP",5949.74539819535,-5.44201531051199,0.961999163992332,-5.65698548835263,1.94211802208574e-06,0.000191781380226649
"TIMP4",6425.16880284052,-7.726074088256,1.07469615113456,-7.18907765706573,1.94246921689981e-10,7.99233584220134e-08
"TLL2",34.8315207174981,3.65770790291126,0.76651423784678,4.77187209618721,0.000262892354144699,0.00964552605514764
"CLDN5",1651.40932319216,-3.44688169689273,0.685833872943103,-5.02582598042469,0.000180032045529299,0.00735492619099718
"CLEC3B",4653.37686450063,-5.16683528495671,0.782996363510434,-6.59879857141617,5.14141668413215e-08,9.2550855956758e-06
"TNNI3",51.9516908440539,7.89221445032127,1.43795335215391,5.48850519976851,8.21544405679266e-07,9.46473924969559e-05
"TNNT1",705.759059135233,7.73090649294551,1.17301016444144,6.59065601245391,4.78590833680429e-09,1.25311033285326e-06
"TNNT3",303.582165900966,-5.24139224226389,1.18966976702253,-4.4057539222686,0.000181877724436143,0.00741280414146459
"TNS1",58547.3762257253,-3.74929467762202,0.681787432078258,-5.49921353961196,2.75955732777343e-05,0.00175323199195782
"TNXB",18001.1121141055,-5.37369296346528,0.782273316340113,-6.8693292372623,1.12880422130766e-08,2.63606293897536e-06
"TOP2A",5313.52181381856,4.40362223453926,0.879389203946321,5.00759187715483,5.43201794912378e-05,0.00299906396737406
"TPO",119.590423260023,-4.3842599149901,0.878659427904105,-4.9897147583655,5.86705788216558e-05,0.0032034116114983
"TSHR",90.2317795434518,-5.05677135087303,1.00684717452449,-5.02238222326168,2.79864339143259e-05,0.00177155151821782
"TTK",1214.56366629849,5.41052335835987,1.01277763127327,5.34226190556534,6.65716528628125e-06,0.000537581650991711
"XPNPEP2",279.002194276705,-4.08474755616013,0.88749213994191,-4.6025732198907,0.000254668484048414,0.00952714700037531
"ZBTB16",797.466622797598,-5.79744194426371,1.0648933299434,-5.44415274398598,3.31730336198128e-06,0.000293981125119993
"SLC14A2",88.6739283430557,-4.91214031393409,0.785119601792324,-6.25655034305643,3.13257967985633e-07,4.13237476699216e-05
"CDC45",530.796185421039,4.77916446110699,1.08627552845944,4.39958770670715,0.000251685845446437,0.00947578016374703
"FZD4",19675.1644977309,-4.24922736000446,0.692327976518105,-6.13759302545438,1.34488138439169e-06,0.000139455836534517
"SRPX",4086.36802378026,-3.06365512363873,0.521998088233783,-5.86909261297262,3.85279761967851e-05,0.00229026786298748
"SDPR",4264.41453264075,-4.58746440317871,0.553648368068013,-8.2858808365803,4.59585958862625e-11,2.20614026530695e-08
"RAD54L",320.168622498639,4.36018180775118,0.857742635946408,5.08332176229095,4.47416299987609e-05,0.00260330002696494
"PDE8B",696.816155096766,-4.3234928979856,0.645924599133423,-6.69349472645263,1.33528026366398e-07,2.02755330494285e-05
"HSD17B6",155.515902218699,3.65761332166704,0.432595684947221,8.45503884791011,4.03838313721019e-10,1.48483614881126e-07
"AOC3",32124.0891195427,-5.25064802771697,0.772661371627582,-6.79553582011829,1.88492216036978e-08,4.02139998189509e-06
"AKR1C3",4282.9920876188,-3.1397004466328,0.474477378591113,-6.61717626234501,3.2475870568597e-06,0.000289286350152539
"SLC4A4",962.814312160039,-5.66047885638663,0.770630272863089,-7.34525888187147,7.35007008421782e-10,2.44262617548785e-07
"MYOM1",1122.55085079275,-5.10542203863512,0.695592602663912,-7.33967270365279,1.79506599271489e-09,5.11995762439019e-07
"WISP1",528.510705495486,3.64148679375128,0.689543331100617,5.28101227219312,6.38696046884601e-05,0.0033753230538877
"ALDH1A2",528.609996207033,-3.11422480783423,0.577059389182465,-5.39671456043065,0.000124254952468599,0.00551992245143921
"GYG2",16229.7439068974,-5.46889443504282,0.893277207669778,-6.12228140165929,2.82506138219961e-07,3.81405357388995e-05
"PRC1",2163.00431301221,3.3554879641761,0.673776173406967,4.9801226232281,0.000236188455619375,0.00909036236427264
"ANGPTL1",943.040794603902,-3.66743840501369,0.736712659216136,-4.97811237411864,0.000146886000696375,0.00620620288027888
"PKMYT1",729.955896047097,5.72966304731151,1.03190299634589,5.55252099044291,2.28700131703571e-06,0.000220791451171475
"CCNB2",912.058721943732,4.57843737939068,0.855821174370766,5.34975940827467,1.44929657365299e-05,0.00102225690160397
"CCNE2",608.937438741978,3.70809347209238,0.743462085535143,4.98760265551847,0.000134978448284952,0.00581686425140215
"SYNGR3",98.1091890166674,4.36989942106479,0.725847769194162,6.02040759306358,1.7193589093865e-06,0.000171747059613342
"EXO1",696.540255002303,5.05652467319704,1.07857658763846,4.68814614664343,8.46281139009497e-05,0.00411960122907694
"SLC16A7",1205.67226949194,-4.9504648440304,0.9772120323555,-5.06590655878198,2.64328897843943e-05,0.00168556003086391
"AURKB",551.316550654997,5.35583125858411,1.02444169821996,5.22804886592399,1.05981491494943e-05,0.000799766879704851
"DLGAP2",34.8904417074478,-4.43290287976598,0.874947656412052,-5.06647780273421,4.36266744790804e-05,0.00255563580228132
"PTTG1",875.621673993093,4.48780270302127,0.871600866389809,5.14891950671166,3.14572363959416e-05,0.00195544065524556
"GPR37L1",57.4341906221157,5.40068536734059,1.03024086104083,5.24215799583449,9.70789934704158e-06,0.000745609816072113
"TRIP13",1341.66058942058,4.2345824045063,0.794172458790963,5.33206907093324,2.32160302641239e-05,0.00150825646238468
"GLP2R",27.2796121823226,-7.71526878943448,1.48249428853362,-5.20424857559882,2.95530540246708e-06,0.000271652301383158
"ADIPOQ",136397.929705801,-7.66862385723088,1.4704613960562,-5.21511403005767,2.88129016404231e-06,0.000267696641531265
"FHL5",342.806687742475,-3.67414732349286,0.519303086256775,-7.07515017863025,1.30596141464928e-07,2.01502850058519e-05
"ONECUT2",203.686456198779,4.85136609915809,1.00494626047995,4.82748808562274,6.34499112998332e-05,0.00336342919378042
"KIF23",1371.73213645486,4.21411103842224,0.806664538426812,5.22411837594939,3.38189636367844e-05,0.00207243088867827
"KIAA0101",565.935405815772,4.29970826443253,0.933964691574825,4.60371607537163,0.00020543403428315,0.00816116217574049
"DLGAP5",1043.59502883726,5.43354837614923,1.13608669223561,4.78268816392614,4.76147455933303e-05,0.00271561194256878
"MELK",1346.27162641355,5.51874899974594,0.984235249923934,5.60714422712705,2.20431271167592e-06,0.000214004089721751
"GINS1",776.775942223488,3.43882064002782,0.644792668350473,5.33321920180188,7.76826402867363e-05,0.00389111219360896
"KIF14",507.337154833664,4.95955297246546,1.01428444771914,4.88970621960951,4.73511836173878e-05,0.00270952253010622
"NAALAD2",439.984872743271,-4.56013909133816,0.705671487588893,-6.46212745100279,2.26716260155076e-07,3.18527129409745e-05
"TROAP",465.135483397121,5.00496555642854,0.970173735820576,5.15883431146003,1.82896624158563e-05,0.00122505293104036
"SGK2",520.860578045786,-4.05094163874773,0.881397484694679,-4.59604401997017,0.000268609899924542,0.00977231090651791
"KIF20A",1026.1792801109,4.76171433669748,0.913575801602321,5.21217213541111,1.9144371036945e-05,0.00127243798419018
"FAM13A",7126.78542640036,-4.08016692807886,0.69753554630876,-5.84940358906497,5.03220664900571e-06,0.000426282172066018
"ODZ1",179.249553982443,-4.12792748613245,0.690480908277978,-5.97833689048302,2.94819451262522e-06,0.000271652301383158
"ANGPTL7",108.865801747421,-4.85451798802971,1.03071898608536,-4.70983658355515,9.21487140966811e-05,0.00436279980357465
"GLYAT",941.518621325034,-8.61358627146026,1.33091634668142,-6.47192161471142,5.30894279600078e-09,1.31679031889272e-06
"NMUR1",285.209489760405,-5.04628916648092,0.796102896824195,-6.33873986216043,1.86131190264301e-07,2.74917358885246e-05
"TRDN",121.564169413205,-6.28522502891043,1.12263654611934,-5.59862855938267,1.25164665863474e-06,0.000132697582256852
"ABCA10",599.033729609813,-4.72743567616037,0.62177054817528,-7.60318366644103,1.01822057928395e-09,3.14211961260821e-07
"ABCA9",2827.57505228602,-4.94633268990118,0.798831421354311,-6.19196060354679,3.9034850332987e-07,4.92380473433831e-05
"ABCA8",5454.48669209982,-5.23732281697075,0.852811546599829,-6.14124285471043,3.37101829750647e-07,4.34735576113503e-05
"NDC80",575.402889054287,4.39698633819125,0.898788025419104,4.89212830371315,7.85667883712188e-05,0.00391917939750096
"SORBS1",29972.6404104702,-4.7275499615288,0.681839912528383,-6.93351896048181,2.28988365723991e-08,4.71089041437654e-06
"POSTN",49795.8448316785,3.08582421021958,0.50868028178971,6.06633345283722,2.06162992515891e-05,0.00135463979987343
"DLL3",41.5135425517957,6.38976287900944,1.49615078742781,4.27080140097024,0.000158026732700287,0.00658038546456304
"POLQ",339.959232755811,4.03937805428652,0.830371688662234,4.86454211943827,0.000125979319465447,0.00555369545837343
"CHL1",2994.13452232077,-4.59250811519919,0.78791725872078,-5.82866800335778,2.56378817695225e-06,0.000243433096076439
"ALDH1L1",3170.19778416206,-6.67579532642995,1.00240223525511,-6.65979692745893,7.47252158208031e-09,1.81876965436521e-06
"PROKR1",17.477229916386,-6.47302219752923,1.34598909582176,-4.80911934399982,2.39100244289246e-05,0.0015475248395365
"LYVE1",4890.22977400022,-6.3373350931622,0.796208905201959,-7.95938735645607,1.01787742335643e-11,7.035975901209e-09
"UTS2",18.4941070352502,6.95188724677725,1.35755007765958,5.12090666943375,5.82070048683251e-06,0.000476718128497406
"LILRB5",832.311764901917,-4.62844992226951,0.910447234713773,-5.08371023140578,3.36908327155178e-05,0.00207192626390342
"KIF2C",1085.76845494352,4.75850163230186,1.0587979968461,4.49424880522658,0.000192802276458555,0.00776647118759975
"UBE2C",2664.10452900735,6.49501894107448,1.0921880675876,5.94679536777996,2.43710341981033e-07,3.39641808046309e-05
"ESM1",1119.48550228721,4.43428426306385,0.960500336227723,4.61663999044404,0.000174776605880839,0.00715714342707769
"ADAMTS5",3809.19365464278,-3.10407906149929,0.396850983139097,-7.82177490640435,5.72900738117095e-08,1.00003006620217e-05
"FAM107A",2431.42768510289,-4.36318180079891,0.546092780871705,-7.98981776289761,3.66891395737988e-10,1.37831526298873e-07
"IRAK3",1554.65473503185,-3.13317169849307,0.596447032002058,-5.25305941749118,0.000174136225937445,0.00714785776823035
"OIP5",154.437609179053,3.58766785496497,0.744279239237498,4.82032504176857,0.000253772108921977,0.00952714700037531
"NLGN1",97.1759540939299,-3.53081585037614,0.722009634029879,-4.89026140921275,0.000228099517886233,0.00879977796819074
"MMRN1",1697.20461527082,-4.29225750763875,0.756325884575927,-5.67514294455944,6.71553646373932e-06,0.000539772956418043
"TPX2",3934.23278403185,4.90131001422439,0.805591471674901,6.08411358183088,6.40144251764717e-07,7.57694028407265e-05
"MAST1",112.96401173616,5.45034135075753,0.939473208696559,5.80148672714086,1.08420597636143e-06,0.00011783750614781
"SIK2",8542.07175752407,-3.49350128905074,0.63782207280187,-5.4772348559595,4.62629213172636e-05,0.00267381118155061
"NCAPH",794.231895959002,4.48729194536548,0.842340178577628,5.32717310593292,1.73650035116511e-05,0.00117680245366605
"ABCA5",1530.97386500956,-1.8852095559739,0.211755888730443,-8.90274913853142,1.45542992718613e-05,0.00102240994193917
"PRAME",1126.82552701136,8.70248061774413,2.11488656961356,4.11486873233786,0.000137488900952354,0.00591031267999409
"MAPK8IP2",1638.01868621219,4.45281150895061,0.639062214912843,6.9677277189012,3.27796391324852e-08,6.15722765052692e-06
"ORC6L",398.060958596958,4.25423712638226,0.882957772410945,4.81816600896544,0.000114079530927271,0.00516075490563917
"BHMT2",1123.19938010038,-3.94558984382602,0.74506357649621,-5.2956418328498,3.85122554031354e-05,0.00229026786298748
"KIF4A",1003.2197079822,5.09100470217001,1.04958133240771,4.85050995570908,4.85487157423488e-05,0.00275977091034056
"SLC24A2",32.5804121276019,5.64416491179583,1.27859196666951,4.4143597480108,0.000140582240090718,0.00598374800740814
"DGCR9",43.5994989642715,3.90063884342952,0.825707256895321,4.72399728942193,0.000221611660702686,0.00862538537973674
"QPCT",1670.28555614177,3.87064430343333,0.814334990841912,4.75313519247357,0.000211631162552766,0.00834976739743003
"PAMR1",1639.92918829283,-3.5053364588954,0.554773195603512,-6.31850364558819,3.15145040351272e-06,0.000283387803794681
"CCDC69",6527.49295539499,-4.15801116970568,0.699168866694653,-5.94707711938438,3.13894668452891e-06,0.000283387803794681
"PCOLCE2",5675.24529667539,-5.16792797508798,0.992524269788653,-5.20685300339148,1.33860881357932e-05,0.000967886983575906
"PCSK1N",210.929786907261,5.27084403522902,1.14137383954372,4.61798216554192,9.13567092686991e-05,0.00434913303821595
"CDH20",63.8284445148718,-7.47228771476589,1.28759744638922,-5.80327938341309,2.49598718697662e-07,3.42326623636056e-05
"UBE2T",989.38862221512,4.29639590987844,0.865877836807611,4.96189615583503,7.03321832298975e-05,0.00363895346825107
"TRHDE",313.602676329245,-6.44656349097802,1.1436813220855,-5.63667812570616,9.56990405018538e-07,0.000108800994665298
"DMGDH",436.404170002009,-4.2939636381681,0.790422634632461,-5.43249073347292,1.54084215250098e-05,0.00106936920632006
"KCNIP2",9244.49758724763,-7.24059674405947,1.05407740456763,-6.86913191828589,1.6054587408883e-09,4.70236144089674e-07
"CD209",1154.27644529158,-4.1679478955938,0.801179625066721,-5.20226396826642,3.84109841049581e-05,0.00229026786298748
"G0S2",8479.85930157702,-6.47284681508996,0.881497095527655,-7.34301547665949,2.67324484270211e-10,1.04991691197125e-07
"PDE11A",596.545305380466,-4.11972582603876,0.722750836908344,-5.70006372273658,7.9275333415196e-06,0.000622707743976364
"MLXIPL",1748.25722069841,-6.186856689512,0.798925822952951,-7.74396885388488,4.22711658720391e-11,2.13791665040243e-08
"NUSAP1",1365.7349455914,3.9300737688578,0.773998682678733,5.0776233303863,7.66594705396615e-05,0.00386225163380726
"CRIM1",14596.6431712514,-2.49336573978904,0.428710265794131,-5.81596928911976,0.000247551786252274,0.0093902600409959
"KLRF1",38.641566550608,-3.37534422397786,0.635024070461322,-5.31530123185061,9.18061691782676e-05,0.0043585231032133
"ANGPT4",45.7069437086586,-5.36606243290852,0.991363465318928,-5.41281035728125,5.31129912778695e-06,0.000445556117608186
"GTSE1",461.9442415968,3.98203480808249,0.846753751743598,4.70270701474054,0.000214375425033644,0.00840050276645441
"CES4",106.554601283627,-4.30596665536797,0.889477572478663,-4.84100643860952,0.000100901797496733,0.0046747559317454
"SLCO1C1",73.175095159671,-4.46438745070432,0.985597938361166,-4.52962336561663,0.000219882769971925,0.00857741342637661
"SNTG2",46.0011481165136,-4.76684353658412,0.999118400471811,-4.77104969174132,8.15729887078079e-05,0.00400472391437394
"ANLN",2318.91697967984,4.78031937720491,0.811117233276772,5.89349995424613,1.57619588327726e-06,0.000160224947405378
"FAM64A",249.35383073387,4.63745891721933,1.03705071525763,4.47177640301541,0.000226193518079103,0.00876779006015957
"GIPC2",315.161021887272,-3.50177883883965,0.691740983431173,-5.06226885888722,0.00014922539564251,0.00627436511459419
"ERCC6L",296.158181651864,3.70945718795834,0.750551820147238,4.94230656482939,0.000153126111971327,0.006391720630378
"ACSM5",940.007829577448,-6.26846586336559,0.826688853752796,-7.58261809737675,9.26991810677305e-11,4.21561723166171e-08
"PID1",1249.94253993219,-3.16589033727167,0.594288534351369,-5.32719403837574,0.000133951009148136,0.00579437351496035
"CDCA8",972.715152891951,4.15089354312867,0.821596586064642,5.05222832413532,6.27603716337605e-05,0.00333711379139389
"CEP55",1015.91166485952,4.72019812508237,0.936022119679278,5.04282754204539,3.52675746059416e-05,0.00213097537330516
"NEIL3",134.205393208655,4.41254200227154,0.965755246278768,4.56900650477838,0.000205021674554116,0.00816116217574049
"TMEM100",742.03677849314,-3.81582569354811,0.720847058768517,-5.29353022549194,4.68652399470524e-05,0.00269959403841671
"NIPSNAP3B",637.793761698745,-4.05217091895889,0.812961376988751,-4.98445686801054,8.68836657933289e-05,0.00420570484194543
"HJURP",545.340787428203,4.73444248644321,0.913413823774525,5.18323936337962,2.17138641196259e-05,0.00141598975792927
"MCM10",897.726490733842,4.78344973805155,0.983573474159711,4.86333747678398,5.98772371322542e-05,0.00324369446671625
"STAB2",63.0361713810547,-4.19510727258616,0.768274408235171,-5.46042823712282,1.59955012806532e-05,0.00109256228312635
"DEPDC1",525.732594668935,4.48222005248433,0.954193553087603,4.69739083646148,0.000131438806971734,0.00572139552463105
"ST6GALNAC1",132.224438195096,-4.09381081397013,0.538870949198596,-7.59701524095594,4.69808550263759e-09,1.24904023955508e-06
"BEX1",571.373082607246,4.71882839872039,0.992795881225634,4.75307008012047,8.99092019490896e-05,0.00430393606338564
"LMO3",1186.61215922976,-4.68682581495359,0.868181869335106,-5.39843779338882,1.0851713962708e-05,0.000808312366334295
"LOC55908",101.853483560511,-6.26863146964058,1.08161512695308,-5.79562111644961,5.54964589650678e-07,6.70653361800935e-05
"SLC7A10",1540.28836749443,-7.78813381702938,1.44648097909834,-5.38419372917306,1.34767228176982e-06,0.000139455836534517
"CYP26B1",1099.75100903298,-3.47181080642167,0.635227975683158,-5.46545640199159,4.98710458574465e-05,0.00282564440479519
"SEMA3G",7849.34909328262,-4.76158320146903,0.754265920757181,-6.31287066064054,3.064961534698e-07,4.07427694470125e-05
"PLSCR4",3659.0397156792,-2.89061594144831,0.514783442556232,-5.61520768246651,0.000120027246248222,0.00538186926880479
"ZNF695",202.050972013713,5.29162814675626,0.909488487652846,5.81824643037822,1.18662584532334e-06,0.000127366964180327
"SALL4",114.133954459382,3.94715200879201,0.84079284901791,4.69455944279556,0.000228129189847199,0.00879977796819074
"KIAA1199",890.68376793482,5.86991323964681,0.783473209155773,7.49216842522529,2.55318087735261e-10,1.02608183119838e-07
"HHATL",31.7821878495331,-7.93771180423589,1.68704737623314,-4.70509122391057,1.96420650151184e-05,0.00130051542347226
"GPAM",33944.3562521231,-5.66884537410542,0.868471218334723,-6.52738427529622,3.8093010494927e-08,6.92931909855614e-06
"PAPPA2",218.154168545495,-5.84112959196272,0.979397244278505,-5.96400452021459,3.84711295060095e-07,4.88837933083345e-05
"CIDEC",15580.9293209575,-8.8630074727512,1.14081699959038,-7.76900017788439,2.74226272138227e-12,2.61967088610258e-09
"ANO3",369.064260395201,-6.57970786366617,1.00771687794036,-6.5293218836567,1.53866400673733e-08,3.4532016494062e-06
"TNMD",402.84543168172,-5.7062299935682,0.966513002480151,-5.90393505201228,5.60007838361559e-07,6.71898926695048e-05
"NCAPG",996.208528107722,4.02431461114576,0.870405243652881,4.62349536666011,0.000255806736194326,0.00952714700037531
"ROBO3",296.851931823716,-2.05736444607852,0.299084790368187,-6.87886683754733,0.000203630488127307,0.00812687867281292
"SOX17",611.930270129257,-2.98921002467959,0.543753007871446,-5.49736733665352,0.000126948338255648,0.00555609886097296
"HIF3A",592.355616639542,-5.08519452654538,0.846776806926453,-6.00535404955542,7.02108363670234e-07,8.19806394093602e-05
"EBF2",304.128913202178,-3.4761517118949,0.662900621662612,-5.24385043292977,9.37350886411085e-05,0.00440172844241032
"MOSC1",5757.53204345899,-4.00900023176714,0.764473232457281,-5.24413421105775,4.14179351279469e-05,0.00243624411678659
"C1orf135",242.161872159263,3.30884863026503,0.65412111750351,5.05846477315002,0.000208018802809269,0.00822602501452399
"MMP28",798.23773767236,-3.35960180634111,0.6495487699461,-5.172208711318,0.000140247253518201,0.00598374800740814
"KREMEN2",144.05743383769,6.25534010677729,1.04489474214047,5.98657439309457,2.45830623884708e-07,3.39855920908131e-05
"LRRC2",155.43297310009,-3.92084578146052,0.771884779801398,-5.07957390022554,7.71504303517206e-05,0.00387568775263978
"C14orf139",2097.48116298533,-4.71133212712488,0.684415633047436,-6.88372956378444,2.93643851895909e-08,5.61744758785548e-06
"E2F8",169.946625617653,4.6046325697147,0.938227375574289,4.90780027271769,6.10288871086451e-05,0.00327528011839906
"SHCBP1",457.185524853632,3.68432148509847,0.679035668151729,5.42581436867204,3.85665151397117e-05,0.00229026786298748
"HHIPL2",72.4348685663114,4.53274542584065,1.01731404149684,4.45560096582501,0.000257728804501588,0.00955753534461789
"C7orf58",4035.2311647403,-4.31469141342617,0.745744531506831,-5.78574998693994,4.39851607464415e-06,0.000378162966596645
"FRMD1",205.549084312898,-7.16844505161699,1.10099144302133,-6.51089987760979,1.05563839080058e-08,2.49897082622258e-06
"SVEP1",13960.6182665773,-4.16642646495625,0.817608882011134,-5.09586742099447,5.37986777375083e-05,0.00297979150635218
"PREX2",859.881303447718,-3.56269386377594,0.740741953406966,-4.80962884225701,0.000270458357206338,0.00979830371254239
"ULBP1",143.966093481223,4.41813282629382,0.959186122064593,4.60612671999887,0.000182926307017913,0.00743799885076835
"SLC19A3",9691.6697862441,-7.01663093323824,1.10492898768948,-6.35030034636953,2.58643858450563e-08,5.07911877032294e-06
"ITIH5",13892.67492691,-4.9291782750827,0.620072684907439,-7.94935560791312,1.17413800823397e-10,4.94884851714419e-08
"C12orf39",542.212457025271,-11.0451784249274,1.643575738969,-6.72021262120597,4.9273641617314e-10,1.7377506138547e-07
"FAM83D",820.935255884436,5.02834152568445,0.825985301476135,6.08768886891596,5.38520283182901e-07,6.60011986786079e-05
"CDT1",464.890294316416,3.73665896525738,0.784866878924204,4.76088247013189,0.00024443649574136,0.00930420062314195
"CABLES2",1033.36702127502,2.4632763892254,0.38784805810634,6.35113761108486,8.07101433225426e-05,0.00397365238392267
"KIF18A",357.764069314148,3.80265030904042,0.754518533702114,5.03983684851633,0.000101807719195604,0.00470411549577334
"CDCA3",687.291253864388,4.92713646187013,0.93469246044361,5.2713985298776,1.32560915091273e-05,0.000962514778862307
"NUF2",1156.22081496461,5.81466547601515,1.0242984930882,5.67672950341289,1.29794834103949e-06,0.00013676734927746
"SLC25A18",173.164328485935,-3.3820729157848,0.635907474135773,-5.31849845039357,8.98588342023421e-05,0.00430393606338564
"FGFBP2",523.88371882475,-5.37653625889179,0.92944707858785,-5.78466099119984,1.24619081452418e-06,0.000132697582256852
"ZNF469",1058.496829767,2.27858054745329,0.306359391038032,7.43760633461511,1.50000127100994e-05,0.00104945433053939
"CBX2",1239.9254181864,3.55485299726809,0.736677731728123,4.82551982252674,0.000262101628217184,0.00963697497281099
"AIFM2",3299.44309125529,-3.25122161478715,0.644356801246056,-5.0456852608678,0.000238143368126559,0.00912495686162988
"ATOH8",705.954015961973,-4.67536949801896,0.48832868504402,-9.57422662483467,2.60740932326991e-14,7.50977341923789e-11
"LGALS12",3922.71996114919,-8.15193367434532,1.28803995118838,-6.32894474028087,1.4075491629491e-08,3.24318094465646e-06
"LOC90586",36.3301517837917,-4.65905746235115,0.977620533393692,-4.76571154472154,9.09869212456299e-05,0.00434349443659041
"PKDCC",1559.06157174434,-3.42877656721224,0.699226635879815,-4.90366984217916,0.000256841215099163,0.00954510330780351
"PLXNA4",4812.49480674641,-4.16378385786212,0.893597388250812,-4.65957478458235,0.000199686631126392,0.00798792748262774
"CHRDL1",15113.8879146661,-5.23966222216602,0.833208030673631,-6.28854023157922,1.80586886327692e-07,2.69027757123177e-05
"TMEM132C",3057.50762254388,-6.9054858352205,1.07645470607697,-6.41502684343014,2.05509723875807e-08,4.3309921198754e-06
"PKHD1L1",107.443851788913,-4.50499623787402,0.715942245942881,-6.29240174525675,4.89928944242259e-07,6.04747291817892e-05
"MYOCD",100.871950429961,-4.52839406018514,0.650837170031444,-6.95779876857119,2.95809114342254e-08,5.61744758785548e-06
"FAM54A",287.528234476117,4.72114369787941,0.967573398024044,4.87936492210391,6.00689113695719e-05,0.00324390892930491
"RPLP0P2",155.500127358575,3.71470696813802,0.570616415677573,6.50998966394442,9.80031638404921e-07,0.000110692331655395
"C1QTNF1",4758.21078461517,-3.14882618494654,0.594539888476768,-5.29624041376592,0.000150598994651323,0.00631675054992601
"GPR146",1656.11078940925,-4.35746832587251,0.651322749655839,-6.69018290574835,1.26919877600265e-07,1.97594811244161e-05
"SLC22A12",31.8006418973712,-8.51839475767493,1.66504797843268,-5.11600558543264,3.16496997467585e-06,0.000283387803794681
"RBP7",2055.21324027919,-3.53279596910743,0.653332160873996,-5.40735047296834,5.29336749023346e-05,0.00294130815429982
"LYPD1",369.747099006147,4.10261015777862,0.872685643023893,4.70113171973691,0.000188816936246385,0.00765949642083045
"MRGPRX2",14.54621967005,-6.20723065489933,1.34142734767781,-4.62733271812659,5.18694351090983e-05,0.00291972543361671
"HRASLS5",3023.96626073891,-5.41335505829335,0.883143418083465,-6.12964434478946,2.90654805156281e-07,3.89364782008194e-05
"GALNTL2",3307.47007410483,-3.62608708047643,0.726964931043554,-4.98798074794503,0.000151688989811916,0.00634706400227533
"TMC2",51.3569197472661,-4.96823173049765,0.804008209011263,-6.17932960735237,3.99603101116764e-07,5.00401535536145e-05
"TWIST2",254.02816697368,-3.12193112885524,0.583822945773428,-5.34739367723791,0.000139235493109386,0.00595576375352301
"KLHL33",11.1394894535964,-4.90567905382214,1.1269630336778,-4.35300795786767,0.000264538703689741,0.00968536724250512
"CCDC78",92.6208975390637,3.8254621204613,0.711576100152853,5.37604076308852,3.58294323926286e-05,0.0021573812584565
"PAQR4",2549.84740572086,3.34006757145715,0.588482834170418,5.67572642312605,3.49770969556497e-05,0.00212083934207222
"HSPB6",17235.1777135703,-5.4362228407508,0.823097167130626,-6.60459427858542,3.52934179558603e-08,6.48835697548107e-06
"IQGAP3",1549.52771468026,4.86831275261611,1.00650996035964,4.83682521221807,6.06999458492804e-05,0.00326777496642185
"ACVR1C",6948.77791672572,-7.20719808116344,1.08277323242619,-6.65623961262335,4.94266751234331e-09,1.26688018867678e-06
"LRRC15",3868.02454216602,3.76801941401416,0.634277648943623,5.94064668728234,6.38381693960244e-06,0.000517928359311126
"COL6A6",920.065194866456,-4.88268451607193,0.80455103091875,-6.06883134621827,6.96854918378042e-07,8.1920747241435e-05
"WBSCR28",13.1415538670173,7.04203817829868,1.58388142696914,4.4460639908974,6.83645358160799e-05,0.00358002285890205
"ADHFE1",953.145354698801,-4.06825785483971,0.698451475165631,-5.82468217119158,5.59131051904519e-06,0.000462313096074736
"PNCK",99.3758555090555,4.575505733666,0.762997981739896,5.99674683703918,1.39211521244488e-06,0.000143188023603633
"DOCK11",4703.14725836779,-3.49964418324287,0.709289033192092,-4.93401705013404,0.000212418288596055,0.00836173222147706
"TMEM37",3383.8459734587,-4.4033807342581,0.759310235547049,-5.79918527120296,3.69386435260512e-06,0.000322392272107924
"ADAMTS14",154.320791653432,4.21902460607929,0.481147967161914,8.76866347574013,1.1135620289245e-11,7.40133285455546e-09
"E2F7",131.680970495004,3.93596466662636,0.639357701257404,6.15612302610201,2.19453076107673e-06,0.000214004089721751
"A2ML1",586.618175760574,6.62449612676541,1.43771117159752,4.60766825606883,4.58019332918422e-05,0.00265605103763867
"GCOM1",2883.39715773003,-4.49396194651131,0.599068190403064,-7.50158666159138,2.73297328045911e-09,7.37945488431466e-07
"LOC145820",76.569724947926,-3.91289629633399,0.720353009182186,-5.43191497287737,2.63063684107425e-05,0.00168370500928163
"CD300LG",3567.45785280873,-7.20005470705551,1.05556517202116,-6.82104231732949,2.13110026204302e-09,5.93992639167186e-07
"KIF18B",348.598178780117,4.89622537493432,1.0339130006945,4.73562608425025,8.21457411478293e-05,0.00402141799653155
"EME1",173.069835938765,3.51026971183602,0.671993424061592,5.22366675944477,9.36500980280136e-05,0.00440172844241032
"NOTUM",14.5063334060697,5.14805665685384,0.995778491174927,5.16988135662542,1.55242157924105e-05,0.00107309589243458
"CILP2",611.48707060857,4.23159578872464,0.703431999779781,6.01564300465347,2.17371451960223e-06,0.000213431594393444
"ENTHD1",28.7752994869762,5.4158126648174,1.19879693832643,4.5177064535868,0.000115053542800659,0.00519122786720153
"SMYD1",481.185389203578,-5.11482503847491,1.13197533646116,-4.51849512416511,0.000138978194164118,0.00595576375352301
"GPBAR1",183.307036880499,-4.53083391804096,0.781612907104529,-5.79677469097248,3.13063769495185e-06,0.000283387803794681
"SGOL1",178.67133804951,4.71662409753421,0.87504037956033,5.39017879369647,1.08145500969122e-05,0.000808312366334295
"SHISA3",75.1661030885326,-3.94857772754994,0.77689665993416,-5.0825005836485,7.37242583815028e-05,0.00375819737194911
"KLB",2421.84907538493,-6.89300254656658,1.00748648541609,-6.84178164803849,2.46953117664306e-09,6.77396321643949e-07
"BTNL9",4908.12673260865,-6.23419716110013,0.729829906627133,-8.54198643340215,3.70078868654365e-13,5.80830062915837e-10
"GIMAP8",1796.5824951263,-2.91712675340128,0.544775914255736,-5.3547278377507,0.00021649799082537,0.00846448366392129
"PEBP4",27.3445319589245,-4.13519445385239,0.744685917450825,-5.55293763041445,1.2763472892801e-05,0.000930656434854406
"CDCA2",696.626225758848,5.41392886553931,0.931112499722609,5.81447340375325,1.06601624783653e-06,0.000117336476298491
"C14orf49",706.492536639706,-4.18616787667673,0.75155645488077,-5.56999790167572,1.1204611529256e-05,0.000829912460155922
"LGI4",478.301997515704,-3.42855058412719,0.675257135968306,-5.07740000290514,0.000161274560896373,0.0066994848241592
"ZNF676",76.2961429563809,-3.56483597569114,0.552178768937062,-6.45594538622594,1.70089555362514e-06,0.00017089055850114
"XIRP1",48.0048506269497,3.95100315244124,0.635213275797026,6.21996312574508,1.69471876116318e-06,0.00017089055850114
"COL22A1",870.714078846153,7.05722826944384,1.22911336652121,5.74172282367906,4.15133406029183e-07,5.16109380546065e-05
"C10orf128",138.466634458515,-3.30353679195692,0.593901379638756,-5.56243326790438,5.25184375749815e-05,0.00292869453382808
"LCTL",96.6476002502927,6.41325495617065,1.43228107642793,4.4776511131217,7.86965598595471e-05,0.00391917939750096
"ALG1L",90.0328762712346,4.192599108414,0.643064371837656,6.51971916346882,3.44098977966405e-07,4.40472180610181e-05
"CXorf61",246.443278745242,11.5313725783588,3.02631989603307,3.81036142063971,0.00026808028236392,0.00977231090651791
"AQPEP",1292.40875668257,-8.24474236096159,1.03930896914675,-7.93290792797675,1.57650159099706e-12,1.81623493293468e-09
"PLAC9",1049.03146449894,-4.07821627081982,0.782092543026956,-5.21449322996455,4.14475881219407e-05,0.00243624411678659
"SKA1",337.033093293386,4.59642387202427,0.911841388366805,5.04081513590527,4.00449908094592e-05,0.00236992289787077
"HEPACAM",637.771841371337,-9.16453643754254,1.16054020428224,-7.89678496593797,9.95468385366887e-13,1.22876351196608e-09
"LRRN4CL",1212.75431941961,-4.27280173891797,0.764425422087828,-5.58955996943159,9.28656736049691e-06,0.000716433797128335
"SKA3",650.741679826701,5.12379202314639,0.983197654237498,5.21135501194829,1.36880936601184e-05,0.000977454324547547
"C7orf41",12247.8467911678,-3.91773179099033,0.663955342843485,-5.90059532349281,5.55216860722244e-06,0.000462313096074736
"NKAPL",74.7934304969355,-2.9918364329068,0.572066576438672,-5.22987455679039,0.000249003342070267,0.00939769927286405
"EBF3",1234.81715847265,-3.88064940352752,0.691878171836248,-5.60886231347386,1.56688498135585e-05,0.00107449759376232
"ANGPTL5",74.9640133689252,-6.33324685188548,1.13838253915854,-5.56337314921119,1.40031109247231e-06,0.000143188023603633
"CNIH2",175.468420589211,5.02747934735506,0.901183360445814,5.57875296861671,3.92746534267777e-06,0.000341057932597058
"MAMDC2",1594.10485145119,-3.60022558159714,0.603470885548226,-5.96586458073532,8.20773650292641e-06,0.000638909434716538
"ASPM",1365.88167007655,4.86922780944103,1.02034421704306,4.77214231051555,7.4699520630466e-05,0.00379671298827965
"P4HA3",352.83038154661,3.34834789740708,0.63948508225559,5.23600626553601,0.000120213039624944,0.00538186926880479
"LOC283392",1201.11081204521,-8.99908329895142,1.39849783528859,-6.4348210428902,5.33391136638449e-09,1.31679031889272e-06
"TMEM145",57.285103932839,5.08676199453262,0.806899630403528,6.30408269240221,2.04445617430964e-07,2.91985513621858e-05
"SEC14L4",39.6429999130534,5.68216100170136,1.21995345512002,4.65768671571354,6.20460374740411e-05,0.00331955905135884
"CCDC141",69.6273217013209,-3.98191749375545,0.652944865918728,-6.0983977386095,2.47524672797738e-06,0.000236324523238548
"IGSF10",1983.53310364598,-3.42293957940343,0.575220696008193,-5.9506544238712,1.26452638299227e-05,0.00092594408578345
"SCARA5",3133.71284520062,-6.2368041948098,1.26628749837046,-4.92526713154456,1.77102171618437e-05,0.00119085705359464
"TUSC5",10954.1613489752,-7.83488861202395,1.32444055099926,-5.91562120784714,1.23102127494244e-07,1.93393442293457e-05
"TRIM59",533.466834412887,2.80511138638352,0.483037499430422,5.80723316448763,9.31142694834934e-05,0.00439646910094057
"GPIHBP1",1022.84742097776,-3.86968195986564,0.77513042458136,-4.99229786000932,0.000106872383519961,0.004870593377732
"GPR109A",1586.85171010638,-3.7807851147795,0.800916217795581,-4.72057504989177,0.000258294547728043,0.0095580044524375
"GPR120",86.4188679537194,-4.73879550760245,0.980798437817483,-4.83156918372283,6.89281934024612e-05,0.00359863477398167
"VSX2",12.3141446287328,-5.96477379917247,1.43020469494939,-4.17057349918959,0.000259460838972693,0.00956107185521612
"C11orf53",44.4453318865253,-3.85765930514672,0.693674215666581,-5.56119748726674,1.89766534192781e-05,0.00126616041597894
"GLDN",1244.78662260015,-5.21987137384594,0.832941852681464,-6.26678964088762,2.02890483427301e-07,2.91985513621858e-05
"HSD17B13",503.417901109932,-7.112633194525,0.879517650048793,-8.08697039124844,1.82664413717704e-12,1.97288983340978e-09
"PLCXD3",286.734959822545,-4.07768822559304,0.830964634551204,-4.9071742118067,0.000106216815011253,0.00485590682595095
"BMP8A",517.322272899784,3.36837604464364,0.617501731637837,5.45484469445858,6.26759630971259e-05,0.00333711379139389
"PTCHD3",100.409826945295,-9.60029598743224,1.61986205663598,-5.92661328667054,5.50605041776809e-08,9.80928425458251e-06
"C18orf34",117.799310698478,-3.63454295459751,0.655045999691506,-5.54853087616625,2.88627684084189e-05,0.00182035584257623
"FAM89A",1585.541455274,-3.35330019916328,0.674838535019224,-4.96904077812887,0.000244048743751601,0.00930420062314195
"CENPW",2017.14909178613,4.92550571499441,1.05965907156307,4.6481985075907,0.000105915802700982,0.00485498935404687
"SLC16A12",74.2169308695727,-3.77390757066749,0.683829015731558,-5.51878829919227,2.49137715573689e-05,0.00160050143599588
"LOC388152",740.823378315342,2.61448784810129,0.430946596670225,6.06684881213247,8.97039265302412e-05,0.00430393606338564
"MUSTN1",170.601604831968,-3.44198568247413,0.646776358240358,-5.32175556298705,7.98031388932862e-05,0.00394022298061394
"TMEM195",80.6720451873281,-4.54635417289949,0.931529648511802,-4.88052546707737,7.03263331518426e-05,0.00363895346825107
"FAM180B",119.353098532625,-5.20064954912263,1.0235541345343,-5.08097165909925,2.03054881264264e-05,0.00133930969585029
"C14orf180",1156.54750790892,-8.58399024030931,1.16737152685021,-7.3532633295165,4.10674937574122e-11,2.13791665040243e-08
"DEFB132",960.134405379676,-7.16317279447513,1.77461413441903,-4.03646779068409,0.000259483982414002,0.00956107185521612
"KLHL31",1289.07102542231,-4.34174688984332,0.839283563510456,-5.17315848732123,3.42170378821175e-05,0.00208205856211575
"PRRT4",440.691300217335,-5.37933719216406,0.932609121978771,-5.76805122895475,1.32789115812952e-06,0.000139074467294765
"TMEM215",58.6881366479424,8.01439658320584,1.45901554091363,5.4930165981558,7.64001219758059e-07,8.86087589170404e-05
"LOC415056",12.7870582783919,-7.20545529764791,1.76062368643544,-4.09255842299616,0.000213655968581661,0.00839133816604473
"MAP1LC3C",296.866511724756,-5.65844862840128,0.733380133637563,-7.71557391435652,1.06249685180803e-10,4.59025202402366e-08
"LOC572558",16.9787530158465,-5.65024130310631,1.18567910930232,-4.76540512418325,4.39174779120366e-05,0.00256397951283076
"HEPN1",428.686637811684,-6.90443996025373,1.12844828804614,-6.11852579634685,8.3684037828102e-08,1.37727986448327e-05
"PGA3",35.9926378433946,-5.1598334659526,1.08739730074245,-4.74512256231424,6.52620248391087e-05,0.0034279424049989
"UCA1",127.912227127516,6.2783102235645,1.24523295974584,5.04187603968171,1.1237747565331e-05,0.000829912460155922
"C2orf84",59.3234839523791,-4.22716251519913,0.877105951335337,-4.81944343070931,0.000116924876497497,0.00526192393425322
"ABCC6P1",35.6026715884565,-3.42528017288881,0.636388093805826,-5.38237626729379,6.92006208346813e-05,0.00360197568868713
"PLIN4",91672.8683243735,-7.93708858854503,1.09181845400272,-7.26960472178028,1.05097378329798e-10,4.59025202402366e-08
"PRCD",63.2785858831323,-3.55029072924479,0.698693702119843,-5.0813263644329,0.000131077299711183,0.0057200677179519
"TLX1NB",21.4721246918879,7.16932546405479,1.70390014547442,4.20759718995071,0.000147714244013624,0.0062259752458523
